instructor_id,first_name,last_name,email,password
1,Teach1,Teach1ln,teach1@email,teach1pass
2,Teach2,Teach2LN,Teach2@email,Teachpass
3,teach3,teach3pass,teach3@email,teach3pass
4,teach1.0,teach1.0ln,teach1.0@email.com,teach1.0pass
5,test,testln,test@email,testpass
6,test2,test2ln,test2@email,test2pass
7,Check1,Check1ln,Check1@email,Check1pass
8,Check2,Check2ln,check2@gmail.com,check2pass
9,Check3,Check3ln,Check3@email,Check3pass
10,Check4,Check4ln,Check4@email,Check4pass
11,Mike,Arellano,thomas28@example.net,Daughter serious fear detail. From ask teach indicate can treatment toward.
12,Jon,Hughes,yjohnson@example.net,"Realize never series. Hope religious plan thus.
Foreign career commercial listen."
13,Alex,Williams,david93@example.org,Charge model chair truth now manager morning drug. Cell mean over when.
